Periodo,Produccion,Stock_Final,Demanda,Stock_Seguridad
Periodo 1,97.222222,19.999999840000015,150,20
Periodo 2,277.77778,20.000001440000034,200,20
Periodo 3,250.0,20.000001440000034,180,20
Periodo 4,277.77778,3.040000052578762e-06,220,0
